{"cameraMode":{"drawMode":0,"name":"Shaded","section":"Shading Mode"},"sceneLighting":true,"audioPlay":false,"sceneViewState":{"showFog":true,"showMaterialUpdate":false,"showSkybox":false,"showFlares":true,"showImageEffects":true,"showParticleSystems":true},"in2DMode":false,"pivot":{"x":0.5367720127105713,"y":-0.22934767603874207,"z":0.6638323664665222},"rotation":{"x":0.126605823636055,"y":-0.20961250364780427,"z":0.027382293716073037,"w":0.9691669940948486},"size":1.2420778274536133,"orthographic":false}